Ticker,Date,Close,Annualized_Return_1Y,Annualized_Vol_252D,Beta_IHSG,Sharpe_Ratio,Treynor_Ratio,Max_Drawdown_1Y,Calmar_Ratio,PE_Ratio,PB_Ratio,ROE,Dividend_Yield
AADI.JK,2026-09-17,12375.0,0.9503538594789438,0.4338345793449388,1.0,2.0522840953324195,0.8902648329956442,-0.33404710939776566,2.844118152605807,6.6200166,2.8271027,0.23297001,8.09
ACES.JK,2026-09-17,352.0,-0.11528415241950551,0.27490652798352655,1.0,-0.6376113222698259,-0.17526662575692983,-0.5262924935846962,-0.21900797185466775,7.7974453,0.93617594,0.121199995,9.09
ADMR.JK,2026-09-17,1570.0,0.5738601070888218,0.6191951442319302,1.0,0.8298826016208959,0.5138087262162002,-0.411879909637613,1.3929322611716732,11.909248,4.157895,0.17246,3.22
ADRO.JK,2026-09-17,2670.0,0.7502729920262161,0.3834580197925531,1.0,1.8001219332372096,0.6902039716290531,-0.326871175767132,2.2946150842377575,7.4457026,1.65625,0.123380005,8.86
AKRA.JK,2026-09-17,1470.0,0.2731488407355529,0.38160170979500807,1.0,0.5585621780569998,0.21312752798275464,-0.28685098695653916,0.9519006839203634,10.56338,2.2231696,0.19524999,6.8
AMMN.JK,2026-09-17,4900.0,-0.38940809968847356,0.7249085682072255,1.0,-0.6199505695584969,-0.44936316337213633,-0.6704545454544693,-0.5807254642119407,32.35952,6.0921055,0.10484,0.0
AMRT.JK,2026-09-17,1325.0,-0.3615722037346003,0.48000160158970046,1.0,-0.8782706642389292,-0.4215300507295274,-0.5552788249751367,-0.6510370714093885,15.292477,3.0355844,0.20027,3.13
ANTM.JK,2026-09-17,3280.0,0.038343946022017406,0.5492744534067473,1.0,-0.03942658249820957,-0.02165388858912368,-0.4684874150785499,0.08182880032232569,8.857444,2.1148615,0.26827,6.4
ASII.JK,2026-09-17,4900.0,-0.04802118046625825,0.40555174715056364,1.0,-0.2663554401374942,-0.10801037942831541,-0.381061005203265,-0.12598660358934036,6.5684547,0.8432789,0.11983,7.96
AUTO.JK,2026-09-17,3320.0,0.5301470722268145,0.3086352260822223,1.0,1.523304889366956,0.4701000622205924,-0.1583132920839407,3.346607252792259,6.726681,1.0157453,0.15295,6.9
BBCA.JK,2026-09-17,6350.0,-0.16016882642104946,0.33969050227661735,1.0,-0.6481434623635706,-0.22014681173987546,-0.4746618401886495,-0.33736668127624875,13.246858,2.838958,0.21818,6.0
BBNI.JK,2026-09-17,3740.0,-0.07015563061814911,0.33285615169970917,1.0,-0.39102548932333137,-0.13014261635651345,-0.2936733459217966,-0.23880869926444845,6.5763392,0.8273155,0.1245,9.34
BBRI.JK,2026-09-17,3330.0,-0.08031660776127159,0.3110015817962539,1.0,-0.4511750576179999,-0.14030257750352124,-0.3570253500856998,-0.22489752615432626,8.011206,1.5259244,0.18988001,12.55
BJBR.JK,2026-09-17,795.0,0.13420900223014232,0.20313028158831914,1.0,0.36532532877205864,0.07420158207193513,-0.17648748733336236,0.7600142244324604,5.7605367,0.51415086,0.0938,10.76
BJTM.JK,2026-09-17,520.0,0.12991042935224995,0.16376608552186625,1.0,0.42688937846986036,0.06990343900834911,-0.09880126417124262,1.313536590668007,5.030663,0.6049112,0.11266,10.89
BMRI.JK,2026-09-17,4350.0,0.04825271211620952,0.31653201377209167,1.0,-0.03711236228979483,-0.011746113272463235,-0.4016846192725444,0.12009596635026498,6.3990173,1.4003603,0.22378999,12.48
BREN.JK,2026-09-17,3080.0,-0.6414088056950364,0.7005031384699754,1.0,-1.0012914516494322,-0.7013386718278537,-0.7672371469564941,-0.8358891632433931,100.0,30.0,0.21476999,13.0
BRIS.JK,2026-09-17,1645.0,-0.38417955117324876,0.3934652506513192,1.0,-1.1288885652530096,-0.4441351376594828,-0.4518386620534231,-0.8500701166563072,9.332562,1.4595968,0.16148001,1.99
BRPT.JK,2026-09-17,1610.0,-0.26737766695932785,0.8689611009329228,1.0,-0.37674562171106574,-0.32734493246608126,-0.7079439399099673,-0.3776286355806206,60.218292,6.153846,0.0646,10.0
CPIN.JK,2026-09-17,3120.0,-0.26303788577350196,0.40314685568211067,1.0,-0.8012888602047363,-0.32300558521498046,-0.40721160300981996,-0.645790308524946,6.916909,1.4754696,0.22792,5.77
CUAN.JK,2026-09-17,945.0,-0.3782894736842105,0.927922275038937,1.0,-0.4723337429657848,-0.4382456491192986,-0.8245487364617962,-0.458728009827898,40.843212,30.0,0.26372,4.0
EMTK.JK,2026-09-17,494.0,-0.626468958838416,0.6645578632568909,1.0,-1.032969382838636,-0.6864003188065354,-0.6879406056069509,-0.9105116089562478,13.006803,0.7984712,0.07585,2.02
ESSA.JK,2026-09-17,610.0,0.12855099970460082,0.5754206088944299,1.0,0.11913177858632969,0.06854414529007181,-0.4144292945242939,0.31011318476809596,11.572303,2.42,0.14062001,8.52
EXCL.JK,2026-09-17,2580.0,-0.006590187712949613,0.5777773357174936,1.0,-0.11525213666977828,-0.0665835293600136,-0.47216035634733355,-0.013954564731880066,10.7361965,1.5883031,-0.13436,6.16
GOTO.JK,2026-09-17,50.0,-0.13793103448275867,0.3526960475650155,1.0,-0.5611927739380139,-0.19791124335842283,-0.41176470587750863,-0.33489403805282675,10.7361965,1.6453322,-0.011569999,0.0
HEAL.JK,2026-09-17,680.0,-0.571107731988528,0.3725113600796761,1.0,-1.6941927292118346,-0.6310446275257755,-0.6290106972987979,-0.9078016546860256,25.47279,1.8246258,0.07281,1.99
HEXA.JK,2026-09-17,4140.0,-0.250675090774356,0.20175785086058984,1.0,-1.5398337641654416,-0.31064402637171884,-0.2916264818547691,-0.8592812321342505,13.607932,2.0247523000000003,0.0805,10.36
HRUM.JK,2026-09-17,895.0,-0.16744186046511633,0.5535613433634796,1.0,-0.4108694588637754,-0.227419118553261,-0.5095785440609122,-0.32852444431152117,15.014259,1.2260274,0.07237,0.0
ICBP.JK,2026-09-17,6950.0,-0.22295276638554462,0.2985385175422186,1.0,-0.9477899901326472,-0.2829244739381508,-0.44767836784089143,-0.4979087477150441,10.897891,1.5249809,0.12555,3.81
INDF.JK,2026-09-17,7175.0,-0.004679315849789645,0.26637384085788957,1.0,-0.24281315623308408,-0.06467284856493315,-0.30791786962681983,-0.015191702531605998,6.468602,0.80747217,0.12137,4.04
INDY.JK,2026-09-17,2760.0,0.6703272153781166,0.7757809063944097,1.0,0.7867252514495027,0.6102661887592405,-0.5735116291660043,1.168608133612512,55.465584,1.1861472,0.03069,30.0
INKP.JK,2026-09-17,8725.0,0.11639174949210762,0.4911042201139798,1.0,0.1148262066508268,0.056386110881019524,-0.45833335732625596,0.253890227733307,3.9927623,0.6577946299999999,0.09631,30.0
ISAT.JK,2026-09-17,2370.0,0.2653710657974002,0.5219806627459306,1.0,0.3934449817969229,0.2053505307443258,-0.3934967605482513,0.674220655240551,10.171536,2.0543106,0.20238,4.68
ITMG.JK,2026-09-17,26500.0,0.27449035415201295,0.2721188063445024,1.0,0.7882202954402708,0.2144689072612868,-0.24574584940932825,1.1165140872278556,7.8715553,1.5351131,0.111190006,6.53
KLBF.JK,2026-09-17,775.0,-0.3247195221556729,0.38768040941584386,1.0,-0.9923599966667633,-0.38468105405026787,-0.5726672323977513,-0.5669310389777594,9.486116,1.4041992,0.14768,2.58
MBMA.JK,2026-09-17,520.0,0.18721461187214605,0.7410217913916594,1.0,0.17167435786048338,0.12720189168297777,-0.52265193370108,0.3581327964617327,51.757812,3.5333336,0.07353,0.0
MDKA.JK,2026-09-17,2870.0,0.1309602721958092,0.66424834571559,1.0,0.10682776378103062,0.07095317687812139,-0.4467005205729679,0.2931068030714656,100.0,8.257143,0.04484,30.0
MEDC.JK,2026-09-17,1525.0,0.2806925712490833,0.5069117572253119,1.0,0.43536598379785924,0.22067050419866344,-0.4723227739651499,0.594155461416832,13.772955,1.6685393,0.06968,4.23
MIKA.JK,2026-09-17,1750.0,-0.24723064787837823,0.339656637091166,1.0,-0.904530369196191,-0.3071999278855897,-0.47323763453652096,-0.5223135238770092,17.023586,3.2794054,0.18961,2.46
MPMX.JK,2026-09-17,1035.0,0.2817708523483191,0.14505549617331007,1.0,1.5288584668648866,0.22174867748057106,-0.06863563965094538,4.099341386494883,8.687177,0.8077621,0.09101,16.43
NRCA.JK,2026-09-17,610.0,-0.23800665069878846,0.9800224796250679,1.0,-0.30408113366099987,-0.2979768530134871,-0.8074973953773896,-0.29470953232528463,7.599376,1.073972,0.14822,6.56
PGAS.JK,2026-09-17,1495.0,-0.08882637843110952,0.35481485059845497,1.0,-0.41944681496074515,-0.14881149728138138,-0.3989649715505707,-0.22258625728530818,8.33993,1.2606838,0.10092,8.4
PGEO.JK,2026-09-17,1055.0,-0.22735614955420302,0.4091647073643147,1.0,-0.7022977350796059,-0.2873274168125218,-0.554928864189191,-0.4096294160959255,16.87389,2.1770834,0.07514,4.69
POWR.JK,2026-09-17,1015.0,0.5828176807569614,0.24534443444327686,1.0,2.130945219923525,0.5227654042165397,-0.06831693769840289,8.518616885867527,12.540193,2.1666666,0.09866,7.26
PTBA.JK,2026-09-17,3140.0,0.3636634969811383,0.3009241994098441,1.0,1.0090995954365551,0.30363313366777156,-0.2528748655073965,1.4375479407874434,7.5490932,1.4195539,0.21109,3.65
PTRO.JK,2026-09-17,5325.0,0.44308943089430897,0.8709197708820718,1.0,0.4398671425717801,0.3830511257817308,-0.7317829457363774,0.6054102414539781,100.0,20.384616,0.12607999,30.0
SCMA.JK,2026-09-17,196.0,-0.33943080525425084,0.660904463634859,1.0,-0.604369047060762,-0.3993908661676341,-0.5777075461571037,-0.5874461271953705,12.290862,1.9207948,0.13564,10.71
SIDO.JK,2026-09-17,352.0,-0.28142978722555934,0.2331804844842356,1.0,-1.4642234051333607,-0.3413956476607933,-0.36923895168024695,-0.7619824173573914,10.7361965,3.4396346,0.30396998,10.51
SMGR.JK,2026-09-17,1620.0,-0.4123561326304359,0.5016091438939603,1.0,-0.941679785347984,-0.4723089017402619,-0.5572266595745781,-0.7398823033967155,27.743088,0.24051498,0.00438,1.91
SMSM.JK,2026-09-17,1710.0,-0.06878892144714666,0.18523684529210951,1.0,-0.6952624677967608,-0.12877604384276237,-0.19014631454897765,-0.3615782077578034,8.616359,2.4636912,0.28834,9.36
TBIG.JK,2026-09-17,1430.0,-0.18073485982766602,0.505313725766715,1.0,-0.47640578742762457,-0.24071078874879115,-0.5355871983638846,-0.33738879775300407,22.192804,2.4893003,0.1245,3.29
TLKM.JK,2026-09-17,2590.0,-0.11073244636593327,0.4400978381313294,1.0,-0.3879411431551773,-0.17071537482845042,-0.4035532984717067,-0.2743256323810144,14.310567,2.1243556,0.17683001,8.62
TOWR.JK,2026-09-17,442.0,-0.23386750213016527,0.3866567859506973,1.0,-0.760019616332351,-0.29383811831833345,-0.5242321758119068,-0.4460292786114662,6.2665486,0.862439,0.16139999,3.12
TPIA.JK,2026-09-17,1830.0,-0.7752509150610684,0.8425486046317971,1.0,-0.9913373770154239,-0.8351673983212362,-0.8757359094226723,-0.8851554346202739,100.0,3.956522,0.03923,30.0
UNTR.JK,2026-09-17,25700.0,0.07371755118240797,0.38291081832358304,1.0,0.03582430869453038,0.013716179564451527,-0.33480198035822534,0.22011679687159974,12.079749,0.9506132,0.07437,8.53
UNVR.JK,2026-09-17,1640.0,0.06790166536916975,0.45950784036056486,1.0,0.017195894126801822,0.007900875281641588,-0.4638988986931977,0.1463401433934593,16.732986,20.606123,1.0,13.9
