Date,Ticker,Close,RSI_14,MACD_Hist,Volatility_20D,PE_Ratio,PB_Ratio,ROE,Dividend_Yield,Bullish_Probability,Recommendation,Open,High,Low,Volume,Return_1D,Intraday_Status,Intraday_Updated_At
2026-10-09,UNVR.JK,1585.0,11.11111111024691,-13.070414639511393,0.1959748836849417,16.532299,20.354828,1.3336799,14.03,0.4298,SELL,1580.0,1625.0,1570.0,1452600.0,0.0031645569620253164,DALAM PEMANTAUAN,10:00 WIB
2026-10-09,ICBP.JK,6800.0,8.69565217380719,-86.43816740408973,0.2456331253602135,11.102682,1.5526073,0.12555,3.84,0.5572,BUY,6750.0,6900.0,6625.0,773800.0,0.0036900369003690036,DALAM PEMANTAUAN,10:00 WIB
2026-10-09,TOWR.JK,446.0,38.18181817695867,-2.5505026721868003,0.474645330508569,6.410822,0.882684,0.16139999,3.08,0.4432,SELL,430.0,458.0,404.0,87926100.0,0.027649769585253458,DALAM PEMANTAUAN,10:00 WIB
2026-10-09,TBIG.JK,1390.0,47.54098360437517,-5.266248506501231,0.3180297266189831,22.313793,2.5067692,0.1245,3.23,0.445,SELL,1400.0,1455.0,1375.0,83800.0,-0.007142857142857143,DALAM PEMANTAUAN,10:00 WIB
2026-10-09,GOTO.JK,29.0,0.0,0.0013983896320823,4.4117179217201063e-08,12.333853,1.6453322,-0.011569999,0.0,0.4484,SELL,30.0,32.0,26.0,481275904.0,-0.03333333333333333,DALAM PEMANTAUAN,10:00 WIB
2026-10-09,ANTM.JK,3160.0,57.74647887210077,8.642238492361088,0.3164363780080245,8.691193,2.076175,0.26827,6.42,0.4538,SELL,3170.0,3260.0,3110.0,14754500.0,0.0031746031746031746,DALAM PEMANTAUAN,10:00 WIB
2026-10-09,AMRT.JK,1245.0,32.608695650189034,-5.651302369478483,0.3339185226676374,15.105741,3.000958,0.20027,3.19,0.4597,SELL,1250.0,1305.0,1225.0,4576700.0,-0.004,DALAM PEMANTAUAN,10:00 WIB
2026-10-09,INDF.JK,6950.0,49.999999999416666,-24.934293912829705,0.2381046725479094,6.6297174,0.8275158,0.12137,3.99,0.4612,HOLD,6900.0,7025.0,6700.0,998800.0,0.007246376811594203,DALAM PEMANTAUAN,10:00 WIB
2026-10-09,KLBF.JK,785.0,39.99999999679999,-5.525417436578758,0.3686202465151151,9.54534,1.4134986,0.14768,2.6,0.4618,HOLD,780.0,790.0,715.0,24067600.0,0.012903225806451613,DALAM PEMANTAUAN,10:00 WIB
2026-10-09,ACES.JK,328.0,49.999999978125,-0.7549897663196936,0.1608542143463116,7.840502,0.9415562,0.121199995,9.04,0.4619,HOLD,328.0,332.0,318.0,6541300.0,0.0,DALAM PEMANTAUAN,10:00 WIB
