Date,Ticker,Open,High,Low,Close,Adj Close,Volume,Sector,Log_Return,Return_1D,Return_5D,Return_20D,SMA_10,SMA_20,SMA_50,SMA_200,Dist_SMA_20,Dist_SMA_50,Dist_SMA_200,EMA_12,EMA_26,MACD,MACD_Signal,MACD_Hist,RSI_14,Volatility_20D,Bollinger_Upper,Bollinger_Lower,Volume_SMA_20,Volume_Ratio,MFI_14,CMF_20,Value,Value_SMA_20,Net_Foreign_IDR,Foreign_Participation,Foreign_Flow_Norm_1D,Foreign_Flow_5D_Accum,Foreign_Flow_Momentum,Pivot_Point,Support_1,Support_2,Resistance_1,Resistance_2,Annualized_Return_1Y,Annualized_Vol_252D,Max_Drawdown_1Y,Beta_IHSG,Sharpe_Ratio,GARCH_Vol,VaR_95_1D,VaR_99_1D,ES_95_1D,GARCH_Model,Benchmark_Return_1D,Benchmark_Return_5D,IHSG_Return_1D,US_10Y_Yield_Delta,USD_IDR_Return_1D,Brent_Oil_Return_1D,SP500_Return_1D,Oil_Energy_Tailwind,Rate_Bank_Sensitivity,FX_Consumer_Headwind,Target_Return_5D,Target_Excess_Return_5D,Target_Class_5D,PE_Ratio,PB_Ratio,ROE,ROA,Profit_Margin,Operating_Margin,Dividend_Yield,Market_Cap,Earnings_Growth,Debt_to_Equity,Current_Ratio,Quick_Ratio,Free_Float_Ratio,Free_Cashflow,Operating_Cashflow,Log_Market_Cap,GBDT_Prob,ARIMA_Prob,ARIMA_Expected_Return,LSTM_Prob,Bullish_Probability,Conviction_Score,Is_Top_Decile,Recommendation,Entry_Price,Target_Price,Stop_Loss,Risk_Reward_Ratio,ATR_14,Dividend_Score
2026-09-29,UNVR.JK,1635.0,1635.0,1620.0,1635.0,1635.0,7162400,Consumer Non-Cyclicals,0.0,0.0,0.0092592592592593,-0.043859649122807,1630.0,1647.25,1713.4,1856.8950323486329,-0.0074366368189361,-0.0457569744367656,-0.1194978867856933,1638.2578442820918,1664.8480865949227,-26.590242312830924,-29.022404160373146,2.432161847542222,37.49999999671875,0.1340111225691103,1704.784886438281,1589.715113561719,12977690.0,0.551900993165964,22.13248452063786,-0.2196690371376023,11710524000.0,21353240300.0,0.0,0.38,0.0,0.0622102971239655,0.0430148079723239,1635.0,1620.0,1605.0,1650.0,1665.0,0.0462370158898683,0.45727675952726,-0.4638988986931977,1.0,-0.0300976459567156,0.2632,2.43,4.5,3.86,garch-t,-0.0042549271036068,,-0.0042549271036068,0.0450000762939453,0.0023955431754874,-0.0824468123653007,-0.0028345476356199,0.0,0.0,0.0023955431754874,,,,16.693893,20.543299,1.3336799,0.1658,0.25577998,0.12069,13.94,62099317325824.0,-0.093,0.18102,0.571,0.329,0.1463,1525940617216.0,4480197197824,31.759756111664625,0.4713,0.5046,0.0007,0.4678,0.4769,0.02310000000000001,False,HOLD,1635,1685,1585,1.0,21.79,49.9353975
2026-09-29,SIDO.JK,350.0,350.0,346.0,348.0,348.0,12356000,Consumer Non-Cyclicals,0.0,0.0,-0.0113636363636363,-0.0279329608938547,351.2,352.2,355.64,443.03359375,-0.0119250425894039,-0.021482397930431,-0.2145065184456692,350.8057546272484,352.5536781057012,-1.7479234784527762,-1.7069263007061268,-0.0409971777466493,43.74999998085937,0.1333356892067531,359.05488684652096,345.345113153479,21309165.0,0.5798444002850417,35.20526097858746,-0.1886493440455151,4299888000.0,7506108770.0,0.0,0.22,0.0,-0.1431618006811065,0.1254994350364148,348.6666666666667,345.33333333333337,342.6666666666667,351.33333333333337,354.6666666666667,-0.3218864856050948,0.2312094776624705,-0.3692389516802469,1.0,-1.6516833037410463,0.244,2.35,4.18,3.58,garch-t,-0.0042549271036068,,-0.0042549271036068,0.0450000762939453,0.0023955431754874,-0.0824468123653007,-0.0028345476356199,0.0,0.0,0.0023955431754874,,,,10.684679,3.4199796,0.30396998,0.21643999,0.25887,0.274,10.63,10243449815040.0,-0.493,0.00053,7.523,4.764,0.2086,956948217856.0,1205337063424,29.957659574803195,0.5006,0.5,0.0,0.4678,0.4906,0.00940000000000002,False,HOLD,348,358,338,1.0,5.57,24.1135995
2026-09-29,SMSM.JK,1675.0,1680.0,1665.0,1675.0,1675.0,1757400,Consumer Cyclicals,0.0029895388483659,0.0029940119760478,-0.0029761904761904,-0.0233236151603498,1693.0,1716.75,1720.1033715820313,1698.6939874267578,-0.0243192078054321,-0.0262213145600209,-0.0139483553848544,1695.8231832303502,1708.079184835794,-12.256001605443773,-5.601695363728297,-6.654306241715474,21.87499999808594,0.1390173898044452,1776.157158881144,1657.342841118856,3164030.0,0.5554308903518612,26.636505171092367,-0.1082452336606892,2943645000.0,5443959075.0,14541958.832335174,0.22,0.0026712101674524,-0.2147188072146084,0.3233517913160763,1671.6666666666667,1663.3333333333337,1656.6666666666667,1678.3333333333337,1686.6666666666667,-0.0662453011484115,0.1855699948013743,-0.1901463145489776,1.0,-0.6803072930849892,0.1744,1.67,2.88,2.47,garch-t,-0.0042549271036068,,-0.0042549271036068,0.0450000762939453,0.0023955431754874,-0.0824468123653007,-0.0028345476356199,0.0,0.0,0.0023955431754874,,,,8.414549,2.406229,0.28834,0.17853001,0.21077,0.27942,9.58,9645781417984.0,0.139,0.0358,4.391,2.6,0.4143,963919151104.0,1086143004672,29.89754177693956,0.4973,0.5002,0.0,0.4678,0.489,0.01100000000000001,False,HOLD,1675,1725,1625,1.0,21.79,23.0865
2026-09-29,MPMX.JK,1015.0,1020.0,1005.0,1015.0,1015.0,2647400,Transportation & Logistics,0.0,0.0,0.0,-0.0049019607843137,1021.5,1028.25,1012.8,902.2406573486328,-0.0128859713104664,0.0021721958925729,0.1249770133199297,1021.190933519254,1020.3760885825787,0.8148449366752857,3.9395912671907616,-3.124746330515476,29.9999999958,0.13054784257964,1052.3714034679322,1004.1285965320678,2985945.0,0.8866204836324846,17.983821062832575,0.005107412354774,2687111000.0,3075479200.0,0.0,0.22,0.0,-0.1346451612312197,0.2076898145757556,1016.6666666666666,1008.3333333333331,1001.6666666666666,1023.3333333333331,1031.6666666666663,0.2837470949302605,0.1444322904945428,-0.0686356396509453,1.0,1.5491379734142,0.1289,1.24,2.12,1.81,garch-t,-0.0042549271036068,,-0.0042549271036068,0.0450000762939453,0.0023955431754874,-0.0824468123653007,-0.0028345476356199,0.0,0.0,0.0,,,,8.642711,0.79988146,0.09101,0.05134,0.0327,0.040900003,16.75,4445520789504.0,0.497,0.00915,1.609,1.096,0.3373,312379736064.0,797965025280,29.1229181410244,0.5113,0.4987,-0.0002,0.4678,0.4957,0.004300000000000026,False,HOLD,1015,1045,985,1.0,16.79,21.322
2026-09-29,AUTO.JK,3300.0,3320.0,3240.0,3300.0,3300.0,3803400,Consumer Cyclicals,0.0,0.0,-0.0178571428571429,-0.0265486725663717,3345.0,3344.0,3073.4,2648.820906982422,-0.0131578947368381,0.073729420186089,0.2458373426836039,3333.432961395897,3266.0010645754805,67.43189682041657,93.67376880749732,-26.241871987080746,47.368421050886425,0.1609468365996285,3405.3531623165504,3282.6468376834496,2852610.0,1.3333052888407455,45.52719649926219,-0.2601236444916274,12551220000.0,9534517600.0,0.0,0.22,0.0,-0.1112428290798476,0.1759609768353457,3326.6666666666665,3263.333333333333,3226.6666666666665,3363.333333333333,3426.6666666666665,0.5145388129143207,0.3063332847683506,-0.1583132920839407,1.0,1.4838000038358163,0.2241,2.32,3.28,2.91,ewma_unhealthy_guard,-0.0042549271036068,,-0.0042549271036068,0.0450000762939453,0.0023955431754874,-0.0824468123653007,-0.0028345476356199,0.0,0.0,0.0023955431754874,,,,6.587615,0.99464667,0.15295,0.03424,0.11416,0.050819997,6.94,15905118486528.0,0.367,0.03433,2.025,1.403,0.2,276793884672.0,1612079038464,30.397662090742145,0.5342,0.4711,-0.0046,0.4678,0.5017,0.0017000000000000348,False,HOLD,3300,3400,3200,1.0,66.43,18.9706
2026-09-29,BMRI.JK,4020.0,4080.0,4010.0,4030.0,4030.0,189538000,Financials,0.0024844733276619,0.0024875621890547,-0.03125,-0.0527240622003336,4162.0,4245.574243164063,4183.05849609375,4256.819320068359,-0.0507762273881124,-0.0365900922104349,-0.0532837555493577,4149.681203881861,4185.599583982133,-35.91838010027186,0.5775859957900504,-36.49596609606191,29.93726836374704,0.2281793536036032,4480.907521758692,4010.240964569434,134247170.0,1.4118584399209309,18.366521291293523,-0.1624672728292418,763838140000.0,575140034200.0,6412820205.223994,0.45,0.0111500153421662,-0.3362222170810731,0.8807931567979038,4043.3333333333335,3996.666666666667,3973.3333333333335,4066.666666666667,4113.333333333334,0.0077460317460318,0.3124955283789518,-0.4016845705984359,1.0,-0.1672145560305294,0.2619,2.54,4.2,3.61,garch-t,-0.0042549271036068,,-0.0042549271036068,0.0450000762939453,0.0023955431754874,-0.0824468123653007,-0.0028345476356199,0.0,0.0450000762939453,0.0,,,,6.0390816,1.3216516,0.22378999,0.02623,0.43377998,0.60428,13.51,374682545029120.0,0.336,,,,0.4078,,-292997803540480,33.55710023678703,0.5274,0.502,0.0003,0.4678,0.5044,0.0043999999999999595,False,HOLD,4030,4150,3910,1.0,89.29,18.60874975
2026-09-29,PTBA.JK,3160.0,3170.0,3020.0,3110.0,3110.0,55456800,Energy,-0.0222584706009426,-0.0220125786163521,0.0332225913621262,0.1647940074906366,3080.0,3035.0,2656.0,2555.3085510253904,0.0247116968698435,0.1709337349396947,0.2170741567595845,3060.158999475392,2927.9172582772067,132.24174119818554,144.95896606304208,-12.717224864856547,50.81967212998119,0.3805243936353872,3244.8119458743004,2825.1880541257,51278385.0,1.0814849180605044,50.99037390453621,0.1861718119110381,172470648000.0,154858610400.0,-7118481933.962262,0.25,-0.045967621145348,-0.0041667709036126,-0.0559534865425066,3146.6666666666665,3093.333333333333,3006.6666666666665,3233.333333333333,3286.6666666666665,0.3676596740651032,0.3046708675487811,-0.2528748655073965,1.0,1.00980663735172,0.3605,3.21,6.03,5.14,garch-t,-0.0042549271036068,,-0.0042549271036068,0.0450000762939453,0.0023955431754874,-0.0824468123653007,-0.0028345476356199,-0.0824468123653007,0.0,0.0,,,,7.5461626,1.4195539,0.21109,0.06779,0.107329994,0.14992,3.6,35809650540544.0,3.188,0.11782,1.206,0.893,0.328,2637183844352.0,8662679027712,31.20923854117985,0.5054,0.5201,0.0032,0.4678,0.497,0.0030000000000000027,False,HOLD,3110,3230,3020,1.33,107.86,18.553150000000002
2026-09-29,ACES.JK,342.0,342.0,334.0,342.0,342.0,12461000,Consumer Cyclicals,0.0,0.0,0.0058823529411764,-0.0338983050847457,345.6,350.0,353.88,351.6554241943359,-0.0228571428570775,-0.0335707019327637,-0.0274570603209935,346.1991388106012,349.44126463072416,-3.242125820122965,-2.104810703839544,-1.1373151162834212,33.33333332037037,0.1569821801818108,361.3137084983733,338.68629150162667,16631750.0,0.7492296360876034,24.556767883759804,0.1855353565414066,4261662000.0,5833166530.0,0.0,0.28,0.0,-0.0702704581696621,0.2518911043553141,340.6666666666667,337.33333333333337,332.6666666666667,345.33333333333337,348.6666666666667,-0.1404181253621331,0.2745835268266899,-0.5262924935846962,1.0,-0.7298959183109087,0.2331,2.31,4.03,3.46,garch-t,-0.0042549271036068,,-0.0042549271036068,0.0450000762939453,0.0023955431754874,-0.0824468123653007,-0.0028345476356199,0.0,0.0,0.0023955431754874,,,,7.663007,0.92003495,0.121199995,0.06339,0.086,0.07775,9.36,5855173410816.0,0.499,0.15331,4.945,1.664,0.3999,647378763776.0,1228204277760,29.398346730100013,0.5033,0.5,-0.0,0.4678,0.492,0.008000000000000007,False,HOLD,342,352,332,1.0,8.14,18.307449875
2026-09-29,NRCA.JK,525.0,530.0,500.0,530.0,530.0,4158000,Properties & Real Estate,0.0,0.0,-0.0363636363636363,-0.1092436974789915,555.0,559.0,542.76,711.5110670471191,-0.0518783542038427,-0.0235094701156615,-0.2551064564605622,549.382598421364,551.6605006208785,-2.277902199514415,4.063964456948922,-6.341866656463337,43.58974358661407,0.5586376987935247,601.9932675267737,516.0067324732263,6270745.0,0.6630791078253061,37.05899308452118,0.0069532813081633,2203740000.0,3583441075.0,0.0,0.22,0.0,-0.0774304288497351,0.1409338141686603,525.0,515.0,500.0,540.0,550.0,-0.4456437151074269,0.931719402677684,-0.8074973953773896,1.0,-0.5426989831437097,0.5705,5.91,8.36,7.41,ewma_unhealthy_guard,-0.0042549271036068,,-0.0042549271036068,0.0450000762939453,0.0023955431754874,-0.0824468123653007,-0.0028345476356199,0.0,0.0,0.0,,,,6.882223,0.9730002,0.14822,0.06313,0.053150002,0.08538,7.55,1323016912896.0,0.482,0.24898,1.779,1.753,0.2105,16752466944.0,62690533376,27.910935784725687,0.5124,0.5552,0.0089,0.4678,0.5076,0.007600000000000051,True,HOLD,530,545,515,1.0,32.5,18.1706
2026-09-29,AMRT.JK,1325.0,1335.0,1315.0,1320.0,1320.0,24451600,Consumer Non-Cyclicals,-0.0075472056353829,-0.0075187969924812,0.0114942528735633,-0.0149253731343284,1309.0,1305.0,1344.1,1504.1046160888673,0.0114942528735544,-0.0179302135257659,-0.1224014700303714,1310.346261324008,1320.018984437635,-9.672723113626944,-14.182046290474004,4.50932317684706,51.85185184916324,0.2642911293077432,1339.9435635213083,1270.0564364786917,32254025.0,0.7580945323878182,60.47756202231572,-0.1979274050141133,32276112000.0,42037648175.0,-546024451.1278236,0.3,-0.0129889390780083,0.148336575179362,0.1171751483539114,1321.6666666666667,1308.3333333333337,1286.6666666666667,1343.3333333333337,1356.6666666666667,-0.3549384660317606,0.4787849398722882,-0.5552788249751367,1.0,-0.866647141188903,0.3149,3.02,5.25,4.5,garch-t,-0.0042549271036068,,-0.0042549271036068,0.0450000762939453,0.0023955431754874,-0.0824468123653007,-0.0028345476356199,0.0,0.0,0.0023955431754874,,,,15.339918,3.0471265,0.20027,0.07356,0.027139999,0.03754,3.12,54241221672960.0,0.056,0.14109,1.036,0.355,0.4516,4332869648384.0,8190008229888,31.624462282776065,0.5122,0.5107,0.0017,0.4678,0.4986,0.0014000000000000123,False,HOLD,1320,1360,1280,1.0,35.71,18.014300000000002
2026-09-29,ITMG.JK,25625.0,25650.0,24900.0,24975.0,24975.0,1709700,Energy,-0.025693112923955,-0.0253658536585366,-0.0128458498023715,-0.0394230769230768,25720.0,25995.0,25337.5,23691.36328125,-0.039238315060587,-0.014306857424765,0.054181631656708,25626.98174189835,25645.54372703278,-18.561985134427232,165.7347085169072,-184.29669365133444,29.93630573237729,0.2108364928335683,27074.54668848997,24915.453311510028,1404350.0,1.217431551963541,32.86458383664238,-0.1878680659980877,42699757500.0,36609691125.0,-2599477920.0000024,0.32,-0.071005185788767,-0.1439883919274377,0.1975890293101591,25650.0,25425.0,25225.0,25850.0,26075.0,0.1891753351018943,0.2767399242777288,-0.2457458494093282,1.0,0.4667735190920222,0.2793,2.57,4.61,3.93,garch-t,-0.0042549271036068,,-0.0042549271036068,0.0450000762939453,0.0023955431754874,-0.0824468123653007,-0.0028345476356199,-0.0824468123653007,0.0,0.0,,,,7.352941,1.4495066,0.111190006,0.07141,0.10496,0.12782,6.75,27844604329984.0,1.004,0.052,3.458,2.875,0.3276,203206128.0,66597000,30.9576603231362,0.5301,0.503,0.0005,0.4678,0.506,0.006000000000000005,False,HOLD,24975,25850,24225,1.17,541.07,17.869750149999998
2026-09-29,TLKM.JK,2350.0,2390.0,2300.0,2370.0,2370.0,228706200,Infrastructures,0.0,0.0,-0.0404858299595142,-0.0919540229885057,2478.0,2556.0,2602.8,2851.4485986328127,-0.0727699530516147,-0.089442139234636,-0.1688435130352637,2476.385759457332,2536.937906040432,-60.55214658310024,-33.701587106418444,-26.850559476681795,20.40816326472303,0.220371039843532,2772.420643046936,2339.579356953064,120345590.0,1.900411971888625,16.66820909447894,0.0410808564955246,542033694000.0,305850326200.0,0.0,0.42,0.0,-0.2901758192978664,0.2916169982060257,2376.6666666666665,2343.333333333333,2316.6666666666665,2403.333333333333,2436.6666666666665,-0.2325588234643065,0.4357986385227137,-0.4035532984717067,1.0,-0.6713149750560394,0.2547,2.5,4.21,3.62,garch-t,-0.0042549271036068,,-0.0042549271036068,0.0450000762939453,0.0023955431754874,-0.0824468123653007,-0.0028345476356199,0.0,0.0,0.0,,,,13.289223,1.9744011,0.17683001,0.07579,0.12007,0.28538,9.42,233636825661440.0,0.28,0.59982,0.791,0.696,0.4712,57332373389312.0,66130999771136,33.084788998556725,0.5283,0.5071,0.0011,0.4678,0.5059,0.005900000000000016,False,HOLD,2370,2440,2300,1.0,64.29,17.83715025
