Date,Ticker,Open,High,Low,Close,Adj Close,Volume,Sector,Log_Return,Return_1D,Return_5D,Return_20D,SMA_10,SMA_20,SMA_50,SMA_200,Dist_SMA_20,Dist_SMA_50,Dist_SMA_200,EMA_12,EMA_26,MACD,MACD_Signal,MACD_Hist,RSI_14,Volatility_20D,Bollinger_Upper,Bollinger_Lower,Volume_SMA_20,Volume_Ratio,MFI_14,CMF_20,Value,Value_SMA_20,Net_Foreign_IDR,Foreign_Participation,Foreign_Flow_Norm_1D,Foreign_Flow_5D_Accum,Foreign_Flow_Momentum,Foreign_Accum_Divergence,Foreign_Flow_Intensity,Foreign_Consistent_Buy_5D,Is_Dividend_Season,Dividend_Season_Momentum,Next_Pivot_Point,Next_Support_1,Next_Support_2,Next_Resistance_1,Next_Resistance_2,Pivot_Point,Support_1,Support_2,Resistance_1,Resistance_2,Annualized_Return_1Y,Annualized_Vol_252D,Max_Drawdown_1Y,Beta_IHSG,Sharpe_Ratio,GARCH_Vol,VaR_95_1D,VaR_99_1D,ES_95_1D,GARCH_Model,Benchmark_Return_1D,Benchmark_Return_5D,IHSG_Return_1D,US_10Y_Yield_Delta,USD_IDR_Return_1D,Brent_Oil_Return_1D,SP500_Return_1D,Oil_Energy_Tailwind,Rate_Bank_Sensitivity,FX_Consumer_Headwind,Target_Return_5D,Target_Excess_Return_5D,Target_Class_5D,PE_Ratio,PB_Ratio,ROE,ROA,Profit_Margin,Operating_Margin,Dividend_Yield,Market_Cap,Earnings_Growth,Debt_to_Equity,Current_Ratio,Quick_Ratio,Free_Float_Ratio,Free_Cashflow,Operating_Cashflow,Log_Market_Cap,Dividend_Yield_Norm,GBDT_Prob,CatBoost_Prob,Tree_Blend_Prob,ARIMA_Prob,ARIMA_Expected_Return,LSTM_Prob,Bullish_Probability,Conviction_Score,Is_Top_Decile,Recommendation,Entry_Price,Target_Price,Stop_Loss,Risk_Reward_Ratio,ATR_14
2026-10-02,GOTO.JK,26.0,30.0,26.0,30.0,30.0,97536459300,Technology,0.0689928714869514,0.0714285714285714,-0.4,-0.4,42.0,46.0,48.4,54.195,-0.3478260869489603,-0.3801652892483437,-0.4464433988292934,40.312761156671655,44.72202015264,-4.409258995968344,-2.0011273563485923,-2.4081316396197514,8.333333328472236,1.0036855616855194,61.259164631910295,30.740835368089705,5330313125.0,18.298448329899944,91.5968436718984,0.9149224162662666,2926093779000.0,159535815840.0,548642583562.4997,0.35,3.0,0.6167942600211291,4.43387309587371,1.016794260021129,1.0499999999999998,0.4,0.0,-0.0,28.666666666666668,27.333333333333336,24.666666666666668,31.333333333333336,32.66666666666667,28.0,28.0,28.0,28.0,28.0,-0.4545454545454546,0.4578163071420376,-0.6056338028083713,0.4644585931232358,-1.123910010649329,1.0096,0.1046,0.148,0.1312,ewma_unhealthy_guard,0.0045571547662961,,0.0045571547662961,0.0399999618530273,0.0021247091575007,-0.0005864290883145,0.007339775006385,0.0,0.0,0.0,,,,,0.9871993,-0.011569999,0.00801,8.9999994e-05,0.06434,,31982771765248.0,,0.28366,2.61,2.453,0.7695,1504526729216.0,2643487096832,31.096218491412465,0.0,0.5637,0.4956,0.5296,0.9,0.1087,0.4736,0.5712,0.07120000000000004,True,HOLD,50,50,50,1.0,1.86
2026-10-02,AMRT.JK,1295.0,1305.0,1230.0,1265.0,1265.0,37296300,Consumer Non-Cyclicals,-0.0234385729720174,-0.0231660231660231,-0.0306513409961686,-0.0343511450381679,1304.5,1302.0,1338.5,1497.3680157470703,-0.0284178187403775,-0.0549122151661898,-0.1551843055970322,1302.4355365599702,1314.2263187439946,-11.790782184024463,-12.094776541620735,0.3039943575962702,46.93877550752186,0.2593204346846764,1340.7162416622305,1263.2837583377695,33761020.0,1.1047148457007518,54.13105341506332,-0.2296829851140675,47179819500.0,43900996875.0,-2459179780.8880258,0.3,-0.0560164906480389,0.0300267457388463,-0.0430275515700306,0.0606780867350149,-0.0168049471944116,0.2,0.0,-0.0,1266.6666666666667,1228.3333333333337,1191.6666666666667,1303.3333333333337,1341.6666666666667,1306.6666666666667,1268.3333333333337,1241.6666666666667,1333.3333333333337,1371.6666666666667,-0.3478158942813875,0.4753598806250578,-0.5552788249751367,0.9095618036147272,-0.857907982973158,0.3161,0.0304,0.0528,0.0452,garch-t,0.0045571547662961,,0.0045571547662961,0.0399999618530273,0.0021247091575007,-0.0005864290883145,0.007339775006385,0.0,0.0,0.0021247091575007,,,,14.705883,2.920163,0.20027,0.07356,0.027139999,0.03754,3.28,51981171294208.0,0.056,0.14109,1.036,0.355,0.4516,4332869648384.0,8190008229888,31.581902678443385,0.2186666666666666,0.4776,0.4946,0.4861,0.6643,0.0273,0.4736,0.5097,0.009700000000000042,True,HOLD,1265,1335,1225,1.75,38.93
2026-10-02,BRPT.JK,1410.0,1430.0,1390.0,1420.0,1420.0,32362900,Basic Materials,0.0106195688274603,0.0106761565836299,-0.0596026490066224,-0.2067039106145251,1501.5,1590.25,1735.8,2017.4397149658205,-0.1070586385787724,-0.181933402465617,-0.2961375799899161,1508.4196510845277,1601.0091350513333,-92.5894839668058,-74.51700405365871,-18.07247991314709,20.2531645562442,0.2754691959974237,1824.601849733873,1355.898150266127,53281575.0,0.6073938317326393,27.4098641312749,-0.4840565244261856,45955318000.0,85225117800.0,809533181.8505396,0.22,0.0094987628383253,-0.0284162642100548,0.0420750333624981,0.0311863847965676,0.0020897278244315,0.2,0.0,-0.0,1413.3333333333333,1396.6666666666663,1373.3333333333333,1436.6666666666663,1453.3333333333333,1405.0,1380.0,1355.0,1430.0,1455.0,-0.5585216236978869,0.8483013844322338,-0.7079439399099673,2.360956681426685,-0.7291287105268031,0.403,0.0418,0.0591,0.0524,ewma_unhealthy_guard,0.0045571547662961,,0.0045571547662961,0.0399999618530273,0.0021247091575007,-0.0005864290883145,0.007339775006385,0.0,0.0,0.0,,,,52.90611,5.4615383,0.0646,0.02207,0.01392,0.10423,11.0,133070678130688.0,-0.809,1.33059,2.18,1.378,0.2824,-339438368.0,290488000,32.52190151751606,0.7333333333333333,0.487,0.5071,0.4971,0.616,0.0189,0.4736,0.5091,0.009099999999999997,True,HOLD,1420,1465,1375,1.0,62.86
2026-10-02,BBRI.JK,3100.0,3130.0,3050.0,3080.0,3080.0,170335000,Financials,-0.0064725145056174,-0.0064516129032258,-0.0222222222222222,-0.0914454277286135,3159.0,3253.5,3177.0,3211.991903076172,-0.0533271861072527,-0.0305319483789642,-0.0410934731652718,3173.303082721653,3202.666666542283,-29.36358382062963,0.1889971229190106,-29.55258094354864,13.636363635929754,0.2578791409409123,3474.909361281676,3032.090638718324,165506595.0,1.029173490035246,23.57516703516302,-0.1117887440115845,524631800000.0,539510777250.0,-12184996645.161322,0.48,-0.0225852701354193,0.0049784971485568,-0.0485693010180929,0.0272007193707791,-0.0108409296650013,0.4,0.0,-0.0,3086.6666666666665,3043.333333333333,3006.6666666666665,3123.333333333333,3166.6666666666665,3110.0,3060.0,3020.0,3150.0,3200.0,-0.1820787720393253,0.3040765822702507,-0.3570253500856998,0.8194107890577531,-0.7961085793696441,0.2596,0.026,0.0412,0.0357,garch-t,0.0045571547662961,,0.0045571547662961,0.0399999618530273,0.0021247091575007,-0.0005864290883145,0.007339775006385,0.0,0.0399999618530273,0.0,,,,7.5699854,1.4416709,0.18988001,0.027709998,0.41705,0.41943002,13.57,464107287347200.0,0.214,,,,0.462,,-91542496739328,33.77113686415798,0.9046666666666668,0.5191,0.5301,0.5246,0.4947,-0.0009,0.4736,0.5074,0.007399999999999962,True,HOLD,3080,3170,2990,1.0,72.86
2026-10-02,PGEO.JK,955.0,955.0,935.0,940.0,940.0,9539600,Infrastructures,-0.0158314652166806,-0.0157068062827224,-0.0784313725490196,-0.0917874396135265,1016.5,1026.75,1036.0,1015.3110467529297,-0.0844898953006238,-0.0926640926640032,-0.0741753445840149,1003.6106255814044,1020.8215884723734,-17.210962890969085,-4.214340875050691,-12.996622015918394,31.99999999820801,0.2815935123001416,1104.4318748756843,949.0681251243157,14012345.0,0.6807996805673853,61.199078666727374,-0.0244221865698394,8967224000.0,14509478200.0,-232396642.9319366,0.22,-0.0160168849443487,-0.0160360172802555,0.0364986040277996,0.062395355268764,-0.0035237146877567,0.2,0.0,-0.0,943.3333333333334,931.6666666666669,923.3333333333334,951.6666666666669,963.3333333333334,958.3333333333334,931.6666666666669,908.3333333333334,981.6666666666669,1008.3333333333334,-0.2627719196796991,0.4117621702753493,-0.554928864189191,0.891740287938254,-0.7838775854184798,0.3886,0.0363,0.0667,0.0572,garch-t,0.0045571547662961,,0.0045571547662961,0.0399999618530273,0.0021247091575007,-0.0005864290883145,0.007339775006385,0.0,0.0,0.0,,,,14.970536,1.9583334,0.07514,0.04349,0.3205,0.44239,5.26,39427401318400.0,0.064,0.3695799999999999,4.363,4.209,0.1181,30366624.0,321880000,31.30548215544277,0.3506666666666666,0.5041,0.5152,0.5097,0.5156,0.0025,0.4736,0.5016,0.0016000000000000458,True,HOLD,940,980,910,1.33,36.79
2026-10-02,BBNI.JK,3440.0,3440.0,3380.0,3420.0,3420.0,27042600,Financials,0.0029282597790883,0.002932551319648,-0.0228571428571429,-0.131979695431472,3492.0,3640.5,3649.6,3776.09828125,-0.0605686032138276,-0.0629110039456206,-0.0943032343776885,3517.88239091248,3600.934883744829,-83.05249283234934,-48.458852684038746,-34.5936401483106,10.526315789215133,0.2087096911233706,3982.9662872381914,3298.033712761809,38105900.0,0.7096696312119646,5.320320005127499,-0.2467552591518328,92485692000.0,138999637650.0,854339970.0879757,0.42,0.0061463467425663,-0.0333577743299477,0.029365812119669,-0.0105006314728048,0.0025814656318778,0.4,0.0,-0.0,3413.333333333333,3386.666666666667,3353.333333333333,3446.666666666667,3473.333333333333,3406.6666666666665,3383.333333333333,3356.6666666666665,3433.333333333333,3456.6666666666665,-0.1173996698263053,0.3187483645847718,-0.2936733459217966,0.7910136696303353,-0.5565490932269,0.2329,0.0224,0.0387,0.0332,garch-t,0.0045571547662961,,0.0045571547662961,0.0399999618530273,0.0021247091575007,-0.0005864290883145,0.007339775006385,0.0,0.0399999618530273,0.0,,,,6.161385,0.77518326,0.1245,0.01559,0.39862,0.42648998,10.22,127418249510912.0,0.082,,,,0.3905,,-183629699350528,32.47849609457646,0.6813333333333333,0.4852,0.4847,0.4849,0.6052,0.0171,0.4736,0.5001,9.999999999998899e-05,True,HOLD,3420,3520,3320,1.0,76.43
2026-10-02,AMMN.JK,4370.0,4380.0,4150.0,4240.0,4240.0,83889600,Basic Materials,-0.0301997398636324,-0.0297482837528604,-0.1016949152542372,-0.0341685649202733,4582.0,4718.0,4454.6,5170.4,-0.1013141161508899,-0.0481749203070875,-0.179947392851582,4558.396272039909,4569.950761766485,-11.55448972657632,71.21335838300712,-82.76784810958344,22.077922077721368,0.5090899739784105,5210.367000476164,4225.632999523836,91581055.0,0.9160147805678804,33.59989404648975,-0.0230220857425111,355691904000.0,436287126050.0,-23807753299.77118,0.3,-0.0545690025633319,-0.0115081069876842,-0.0361577625466796,0.090186808266553,-0.0163707007689995,0.4,0.0,-0.0,4256.666666666667,4133.333333333334,4026.666666666667,4363.333333333334,4486.666666666667,4403.333333333333,4266.666666666666,4163.333333333333,4506.666666666666,4643.333333333333,-0.4475570032573289,0.7258289129096213,-0.6704545454544693,1.8977224223890867,-0.699278156259356,0.5255,0.0484,0.0862,0.0735,garch-t,0.0045571547662961,,0.0045571547662961,0.0399999618530273,0.0021247091575007,-0.0005864290883145,0.007339775006385,0.0,0.0,0.0,,,,17.636538,5.3,0.16633,0.07615,0.241,0.4782,,307028622835712.0,,1.00183,2.773,1.267,0.2035,92011000.0,931246016,33.35796209316227,0.0,0.4997,0.514,0.5069,0.512,0.0019,0.4736,0.4993,0.0006999999999999784,False,HOLD,4240,4510,4110,2.08,205.0
2026-10-02,PGAS.JK,1380.0,1395.0,1365.0,1375.0,1375.0,30251600,Energy,-0.0036297680505787,-0.0036231884057971,-0.0384615384615384,-0.0953947368421053,1429.0,1475.0,1498.4,1691.4192205810548,-0.0677966101694455,-0.0823545114788559,-0.1870732085403215,1433.103372392953,1466.6583101934257,-33.554937800473,-21.49540105467685,-12.059536745796144,14.285714284897963,0.2148504490593585,1587.0150365846164,1362.9849634153836,30334245.0,0.9972755214444928,10.95719716814486,-0.2307502508379957,41595950000.0,44956315950.0,-316490923.9130449,0.28,-0.0070399657361836,0.008401416358917,-0.002363579276,0.0468629548204554,-0.0019711904061314,0.2,0.0,-0.0,1378.3333333333333,1361.6666666666663,1348.3333333333333,1391.6666666666663,1408.3333333333333,1385.0,1365.0,1350.0,1400.0,1420.0,-0.1401022594301711,0.3545595083490176,-0.3989649715505707,0.6819736656343854,-0.5643670254251699,0.2836,0.0267,0.0472,0.0403,garch-t,0.0045571547662961,,0.0045571547662961,0.0399999618530273,0.0021247091575007,-0.0005864290883145,0.007339775006385,-0.0005864290883145,0.0,0.0,,,,7.6687117,1.1752137,0.10092,0.05302,0.061890002,0.13191,9.14,33332073070592.0,0.458,0.29053,2.006,1.745,0.4302,228038624.0,499547328,31.137541204651555,0.6093333333333334,0.5003,0.5141,0.5072,0.4918,-0.0013,0.4736,0.4965,0.003500000000000003,False,HOLD,1375,1415,1335,1.0,33.93
2026-10-02,BRIS.JK,1425.0,1435.0,1390.0,1415.0,1415.0,22079300,Financials,-0.0070422826254129,-0.0070175438596491,-0.0629139072847682,-0.2094972067039106,1514.0,1614.75,1724.1,1949.504063720703,-0.1237033596531204,-0.1792819442026684,-0.2741743778160213,1525.7643871454898,1613.0952874943732,-87.33090034888346,-66.80314881380372,-20.527751535079744,11.111111110727036,0.2949462162307109,1858.654101085484,1370.8458989145158,23814700.0,0.9271290421462374,9.512392658105496,-0.3751539431913112,31242209500.0,37686675675.0,-361751899.4736853,0.22,-0.0095989336547839,-0.0469144212838066,-0.0133728395760539,0.0159994860009615,-0.0021117654040524,0.4,0.0,-0.0,1413.3333333333333,1391.6666666666663,1368.3333333333333,1436.6666666666663,1458.3333333333333,1418.3333333333333,1391.6666666666663,1358.3333333333333,1451.6666666666663,1478.3333333333333,-0.4479568266699457,0.3912652055981845,-0.4643744661847103,0.8605386301257952,-1.2982384356281411,0.434,0.0392,0.0736,0.063,garch-t,0.0045571547662961,,0.0045571547662961,0.0399999618530273,0.0021247091575007,-0.0005864290883145,0.007339775006385,0.0,0.0399999618530273,0.0,,,,8.176827,1.2788417,0.16148001,0.01845,0.31524,0.41187,2.32,65272899698688.0,0.05,,,,0.099,,4693782167552,31.809598053798265,0.1546666666666666,0.4905,0.5076,0.4991,0.5141,0.0023,0.4736,0.495,0.0050000000000000044,False,HOLD,1415,1455,1375,1.0,50.71
2026-10-02,MBMA.JK,472.0,478.0,460.0,470.0,470.0,135095400,Basic Materials,-0.0126851595273156,-0.0126050420168066,-0.06,-0.0961538461538461,498.8,511.2,522.8,600.34,-0.0805946791860708,-0.1009946442232191,-0.2171103041606138,497.5889883161914,510.3570160560084,-12.768027739817,-8.031740107232576,-4.736287632584425,40.33149170958762,0.5548523294910245,558.0933841142221,464.3066158857779,132526260.0,1.0193858937843714,40.02842245248345,0.0201542117279697,63494838000.0,68973562145.0,-1500665814.075625,0.25,-0.0217571163124914,-0.0396334540937551,-0.0329222195300548,0.0203665459062449,-0.0054392790781228,0.2,0.0,-0.0,469.3333333333333,460.6666666666666,451.3333333333333,478.6666666666666,487.3333333333333,478.6666666666667,465.33333333333337,454.6666666666667,489.33333333333337,502.6666666666667,0.0,0.7395813203476624,-0.52265193370108,1.555102990074816,-0.0811268716804847,0.5183,0.0537,0.0759,0.0673,ewma_unhealthy_guard,0.0045571547662961,,0.0045571547662961,0.0399999618530273,0.0021247091575007,-0.0005864290883145,0.007339775006385,0.0,0.0,0.0,,,,36.349575,3.1333334,0.09239,0.05605,0.042140003,0.23091,,50474531160064.0,1.738,0.5277499999999999,1.534,1.116,0.3566,-63648596.0,278611936,31.552489991526887,0.0,0.501,0.4966,0.4988,0.512,0.0019,0.4736,0.4945,0.005500000000000005,False,HOLD,470,490,456,1.43,22.64
2026-10-02,ACES.JK,324.0,328.0,318.0,322.0,322.0,28765500,Consumer Cyclicals,-0.0061919702479211,-0.0061728395061728,-0.0584795321637426,-0.1005586592178771,338.4,345.8,352.08,350.8337922668457,-0.068825910930975,-0.0854351283796709,-0.0821864737728354,338.24262801862096,344.68301376086293,-6.440385742241972,-3.7228469439932512,-2.7175387982487207,19.230769225591715,0.1794910398944178,365.64784225262014,325.9521577473799,16849385.0,1.707213646076697,16.859931238348793,0.0239770966801966,9262491000.0,5801359320.0,-120069327.77777831,0.28,-0.0206967576312405,-0.0571968389541292,-0.0206967576312405,0.0012826932096134,-0.0057950921367473,0.0,0.0,-0.0,322.6666666666667,317.33333333333337,312.6666666666667,327.33333333333337,332.6666666666667,326.6666666666667,319.33333333333337,314.6666666666667,331.33333333333337,338.6666666666667,-0.1831924597254965,0.2751999488607883,-0.5262924935846962,0.5904856194207311,-0.8836904841070029,0.2732,0.0269,0.047,0.0404,garch-t,0.0045571547662961,,0.0045571547662961,0.0399999618530273,0.0021247091575007,-0.0005864290883145,0.007339775006385,0.0,0.0,0.0021247091575007,,,,7.2148776,0.86623174,0.121199995,0.06339,0.086,0.07775,9.94,5512765636608.0,0.499,0.15331,4.945,1.664,0.3999,647378763776.0,1228204277760,29.33808754358731,0.6626666666666666,0.4946,0.5042,0.4994,0.4973,-0.0004,0.4736,0.4926,0.007400000000000018,False,HOLD,322,332,312,1.0,9.0
2026-10-02,UNTR.JK,26575.0,26950.0,26000.0,26000.0,26000.0,2620300,Industrials,-0.0133717369658893,-0.0132827324478178,0.0732714138286894,0.0420841683366732,25077.5,25486.25,24700.0,26511.74994140625,0.0201579282946679,0.0526315789473662,-0.0193027598154498,25467.112790982745,25211.17731831364,255.93547266910537,158.07411314511444,97.86135952399091,46.87499999989746,0.3656639068299639,27282.845830716677,23689.654169283327,3779815.0,0.6932349863683803,27.97878747036424,-0.2198892016419303,68127800000.0,96864383750.0,-2579031518.0265694,0.38,-0.0266251786072666,0.1019147897714872,-0.1468418583169942,0.0286433759427978,-0.0101175678707613,0.6,1.0,0.0420841683366732,26316.666666666668,25683.333333333336,25366.666666666668,26633.333333333336,27266.666666666668,26416.666666666668,25833.333333333336,25316.666666666668,26933.333333333336,27516.666666666668,0.0294006316368868,0.3883457496590639,-0.3348019803582253,0.6481173992549261,-0.0787939345185116,0.4334,0.0392,0.0721,0.0614,garch-t,0.0045571547662961,,0.0045571547662961,0.0399999618530273,0.0021247091575007,-0.0005864290883145,0.007339775006385,0.0,0.0,0.0,,,,12.300122,0.9673559,0.07437,0.051599998,0.06308,0.06849,5.87,90820430528512.0,-0.934,0.27593,1.237,0.809,0.3644,6798736097280.0,18528755253248,32.1399053820464,0.3913333333333333,0.4897,0.4965,0.4931,0.5206,0.0033,0.4736,0.4923,0.007699999999999985,False,HOLD,26000,26925,25225,1.19,783.93
