Date,Ticker,Open,High,Low,Close,Adj Close,Volume,Sector,Log_Return,Return_1D,Return_5D,Return_20D,SMA_10,SMA_20,SMA_50,SMA_200,Dist_SMA_20,Dist_SMA_50,Dist_SMA_200,EMA_12,EMA_26,MACD,MACD_Signal,MACD_Hist,RSI_14,Volatility_20D,Bollinger_Upper,Bollinger_Lower,Volume_SMA_20,Volume_Ratio,MFI_14,CMF_20,Value,Value_SMA_20,Net_Foreign_IDR,Foreign_Participation,Foreign_Flow_Norm_1D,Foreign_Flow_5D_Accum,Foreign_Flow_Momentum,Next_Pivot_Point,Next_Support_1,Next_Support_2,Next_Resistance_1,Next_Resistance_2,Pivot_Point,Support_1,Support_2,Resistance_1,Resistance_2,Annualized_Return_1Y,Annualized_Vol_252D,Max_Drawdown_1Y,Beta_IHSG,Sharpe_Ratio,GARCH_Vol,VaR_95_1D,VaR_99_1D,ES_95_1D,GARCH_Model,Benchmark_Return_1D,Benchmark_Return_5D,IHSG_Return_1D,US_10Y_Yield_Delta,USD_IDR_Return_1D,Brent_Oil_Return_1D,SP500_Return_1D,Oil_Energy_Tailwind,Rate_Bank_Sensitivity,FX_Consumer_Headwind,Target_Return_5D,Target_Excess_Return_5D,Target_Class_5D,PE_Ratio,PB_Ratio,ROE,ROA,Profit_Margin,Operating_Margin,Dividend_Yield,Market_Cap,Earnings_Growth,Debt_to_Equity,Current_Ratio,Quick_Ratio,Free_Float_Ratio,Free_Cashflow,Operating_Cashflow,Log_Market_Cap,GBDT_Prob,ARIMA_Prob,ARIMA_Expected_Return,LSTM_Prob,Bullish_Probability,Conviction_Score,Is_Top_Decile,Recommendation,Entry_Price,Target_Price,Stop_Loss,Risk_Reward_Ratio,ATR_14
2026-10-01,BBRI.JK,3140.0,3160.0,3070.0,3100.0,3100.0,134095700,Financials,-0.0128206884290614,-0.0127388535031847,-0.0127388535031847,-0.0909090909090909,3182.0,3269.0,3175.2,3213.157117919922,-0.0516977669011772,-0.0236835474930637,-0.035216801969877,3190.267279580136,3212.479999865689,-22.21272028555313,7.577142358771636,-29.789862644324767,34.54545454457521,0.2578367300775346,3482.5317060148686,3055.468293985132,164598540.0,0.8146834109221139,36.35853126901329,-0.1302870014154403,415696670000.0,539072663300.0,-19063796331.210182,0.48,-0.0353640568870786,-0.0090316178088791,-0.0293269808472315,3110.0,3060.0,3020.0,3150.0,3200.0,3173.333333333333,3106.666666666667,3073.333333333333,3206.666666666667,3273.333333333333,-0.1942007533933575,0.3047222589989022,-0.3570253111159143,0.820505782015807,-0.8342020042332026,0.2654,0.0266,0.0422,0.0365,garch-t,-0.0101523352960918,,-0.0101523352960918,-0.0560002326965332,0.0083669959719359,-0.0091760548579487,0.0019486477459282,0.0,-0.0560002326965332,0.0,,,,7.616146,1.4510324,0.18988001,0.027709998,0.41705,0.41943002,13.48,466782280220672.0,0.214,,,,0.4599,,-91542496739328,33.776884055510486,0.4887,0.5362,0.0058,0.4805,0.4958,0.0041999999999999815,True,HOLD,3100,3210,3010,1.22,80.0
2026-10-01,ASII.JK,4610.0,4640.0,4510.0,4510.0,4510.0,86157700,Consumer Cyclicals,-0.0197591499804623,-0.0195652173913043,-0.0545073375262054,-0.1069306930693069,4711.0,4805.0,4866.6,5550.880080566406,-0.061394380853265,-0.0732749763695243,-0.1875162254378963,4710.429109365249,4782.934898999384,-72.505789634135,-41.42167216902458,-31.084117465110417,22.97297297253836,0.1975879247737046,5047.226514260048,4562.773485739952,41566650.0,2.0727602537130125,16.452666131028096,-0.3326028823239548,388571227000.0,198849451650.0,-25658371782.880432,0.45,-0.1290341591086828,-0.0560747427849815,-0.1204708086406023,4553.333333333333,4466.666666666666,4423.333333333333,4596.666666666666,4683.333333333333,4660.0,4540.0,4480.0,4720.0,4840.0,-0.1582271997690257,0.40410053934859,-0.381061005203265,0.8332511699329571,-0.5400306074577372,0.2617,0.0259,0.0438,0.0376,garch-t,-0.0101523352960918,,-0.0101523352960918,-0.0560002326965332,0.0083669959719359,-0.0091760548579487,0.0019486477459282,0.0,0.0,0.0083669959719359,,,,6.093853,0.78254896,0.11983,0.0435,0.09354,0.10734,8.65,180039475789824.0,-0.212,0.41125,1.187,0.848,0.4421,16600374706176.0,37806000832512,32.82419725271731,0.4945,0.5142,0.0023,0.4805,0.4943,0.005699999999999983,True,HOLD,4510,4720,4370,1.5,102.14
2026-10-01,UNTR.JK,27000.0,27000.0,25900.0,26350.0,26350.0,3724700,Industrials,-0.0271425178996829,-0.0267774699907663,0.0910973084886128,0.0415019762845849,24960.0,25433.75,24690.0,26520.3119140625,0.0360249668255748,0.0672336978533792,-0.0064219423442068,25370.22420752506,25148.07150377873,222.1527037463311,133.6087732641167,88.54393048221439,50.40650406492591,0.3659819704557198,27228.499286111262,23639.000713888738,3815005.0,0.9763289956369648,34.22539602152722,-0.2270850241884247,98145845000.0,97604808500.0,-7490077644.736833,0.38,-0.0767388180955944,0.1078545320757296,-0.0851338754457934,26416.666666666668,25833.333333333336,25316.666666666668,26933.333333333336,27516.666666666668,26441.666666666668,25808.333333333336,24541.666666666668,27708.333333333336,28341.666666666668,0.0432579478319989,0.3881096569240247,-0.3348019803582253,0.6497497432220336,-0.0431373163022379,0.4805,0.0436,0.08,0.0682,garch-t,-0.0101523352960918,,-0.0101523352960918,-0.0560002326965332,0.0083669959719359,-0.0091760548579487,0.0019486477459282,0.0,0.0,0.0,,,,12.468828,0.980378,0.07437,0.051599998,0.06308,0.06849,5.79,92043019812864.0,-0.934,0.27593,1.237,0.809,0.3644,6798736097280.0,18528755253248,32.15327719034523,0.4838,0.5312,0.005,0.4805,0.4923,0.007699999999999985,False,HOLD,26350,27700,25550,1.69,755.36
2026-10-01,BBCA.JK,6050.0,6150.0,6000.0,6000.0,6000.0,118044900,Financials,-0.0124225199985572,-0.0123456790123457,-0.036144578313253,-0.1143911439114391,6195.0,6340.0,6362.225859375,6580.2239282226565,-0.0536277602523574,-0.05693382589384,-0.0881769274954278,6211.874777180682,6296.60777268527,-84.73299550458796,-45.005283841141,-39.72771166344696,33.33333333285471,0.1932493758171532,6720.235384162034,5959.764615837966,124797680.0,0.9458901800097566,21.48734696041207,-0.3000250682861216,708269400000.0,790692833250.0,-36069275000.00017,0.55,-0.045617303563691,-0.0383826461286533,-0.0303183727632535,6050.0,5950.0,5900.0,6100.0,6200.0,6091.666666666667,6033.333333333334,5991.666666666667,6133.333333333334,6191.666666666667,-0.1781179248280221,0.3350448577065347,-0.4746618959734947,0.8462655244809447,-0.7107024884831994,0.2082,0.021,0.0337,0.0291,garch-t,-0.0101523352960918,,-0.0101523352960918,-0.0560002326965332,0.0083669959719359,-0.0091760548579487,0.0019486477459282,0.0,-0.0560002326965332,0.0,,,,12.70648,2.7253997,0.21818,0.03671,0.53118,0.66751,6.35,737257443033088.0,0.004,,,,0.3923,,-21951307317248,34.23395825924349,0.4946,0.4968,-0.0005,0.4805,0.4908,0.009199999999999986,False,HOLD,6000,6175,5825,1.0,112.5
2026-10-01,ADRO.JK,2430.0,2480.0,2390.0,2410.0,2410.0,40042800,Energy,-0.0082645098498934,-0.008230452674897,-0.05859375,-0.1204379562043795,2553.0,2606.0,2584.0,2296.608690185547,-0.0752110514197716,-0.0673374613002835,0.0493733696554298,2542.684384720428,2578.3872034434225,-35.70281872299438,-6.501076553711819,-29.20174216928256,25.53191489285649,0.2211910132793956,2776.126887630197,2435.873112369803,40622405.0,0.9857318885969456,38.03539859212826,-0.2682939641629684,96503148000.0,105681079050.0,-2263654088.888879,0.38,-0.0214196723693358,-0.0651098169267525,-0.0153023919259843,2426.6666666666665,2373.333333333333,2336.6666666666665,2463.333333333333,2516.6666666666665,2460.0,2400.0,2370.0,2490.0,2550.0,0.6665327321361163,0.3850003779144436,-0.3227666699999861,0.5665227352753693,1.5754040554912043,0.3863,0.0354,0.0642,0.0547,garch-t,-0.0101523352960918,,-0.0101523352960918,-0.0560002326965332,0.0083669959719359,-0.0091760548579487,0.0019486477459282,-0.0091760548579487,0.0,0.0,,,,6.6427784,1.50625,0.123380005,0.06007,0.28888,0.42203,9.81,69409188085760.0,0.891,0.3782399999999999,2.918,2.249,0.368,-271952000.0,218046000,31.871040367844675,0.4755,0.533,0.0053,0.4805,0.4885,0.01150000000000001,False,HOLD,2410,2490,2340,1.14,81.43
2026-10-01,ADMR.JK,1470.0,1470.0,1410.0,1440.0,1440.0,27121800,Energy,-0.0137933221323358,-0.0136986301369863,-0.0618892508143322,-0.1325301204819277,1518.0,1564.5,1588.1,1667.3044732666017,-0.0795781399807736,-0.0932560921855718,-0.1363305124595075,1519.821452407004,1558.0965299117756,-38.275077504771616,-23.794118448106143,-14.480959056665473,29.999999998950003,0.3265683717559528,1696.883016878688,1432.116983121312,27633570.0,0.9814801344885948,26.592053307128324,-0.229478804271895,39055392000.0,43235420400.0,-882758860.2739761,0.22,-0.0204174922345377,-0.0217129373163587,-0.0204174922345377,1440.0,1410.0,1380.0,1470.0,1500.0,1468.3333333333333,1431.6666666666663,1403.3333333333333,1496.6666666666663,1533.3333333333333,0.4577625663881508,0.6201454895382276,-0.411879909637613,1.1351228408429048,0.6414009804108254,0.4315,0.0433,0.0728,0.0626,garch-t,-0.0101523352960918,,-0.0101523352960918,-0.0560002326965332,0.0083669959719359,-0.0091760548579487,0.0019486477459282,-0.0091760548579487,0.0,0.0,,,,10.6508875,3.6,0.17246,0.07883,0.27397,0.45138,3.52,58870558883840.0,0.153,1.03461,1.583,0.92,0.1498,-418899680.0,-127048000,31.70636223244905,0.4684,0.4966,-0.0005,0.4805,0.4777,0.022299999999999986,False,HOLD,1440,1495,1395,1.22,56.79
2026-10-01,ISAT.JK,2200.0,2300.0,2190.0,2260.0,2260.0,41268500,Infrastructures,0.0,0.0,-0.0583333333333333,-0.0661157024793388,2332.0,2357.5,2311.0,2115.0353436279297,-0.0413573700954225,-0.0220683686715612,0.0685400633179695,2326.8449559136598,2345.551051595988,-18.7060956823284,3.02188701006439,-21.727982692392786,34.54545454457521,0.316991368135301,2468.737063115469,2246.2629368845305,62224705.0,0.6632172864459542,39.21474293997946,-0.1158411589062773,93266810000.0,147746766800.0,0.0,0.35,0.0,-0.0167089191329763,0.0648066848033214,2250.0,2200.0,2140.0,2310.0,2360.0,2286.6666666666665,2233.333333333333,2206.6666666666665,2313.333333333333,2366.6666666666665,0.2545233065268222,0.5220165271001304,-0.3934967605482513,0.8632229444337397,0.372637500521146,0.4046,0.0389,0.0673,0.0576,garch-t,-0.0101523352960918,,-0.0101523352960918,-0.0560002326965332,0.0083669959719359,-0.0091760548579487,0.0019486477459282,0.0,0.0,0.0,,,,9.737182,1.9672635,0.20238,0.059559997,0.124589995,0.21242,4.91,72886828138496.0,1.751,1.76375,0.665,0.502,0.2598,9526061301760.0,23738630275072,31.9199290546466,0.4596,0.4945,-0.0009,0.4805,0.4729,0.027100000000000013,False,HOLD,2260,2330,2190,1.0,97.14
2026-10-01,ANTM.JK,3200.0,3240.0,3120.0,3120.0,3120.0,52025900,Basic Materials,-0.0253178079842898,-0.025,-0.0458715596330274,-0.0095238095238094,3211.0,3204.5,3114.8,3251.5596472167967,-0.0263691683569897,0.0016694490818024,-0.0404604748153293,3190.8861284324003,3176.407373343445,14.47875508895504,32.98733962589666,-18.50858453694162,42.26804123650335,0.3622922487778177,3355.7718013865497,3053.2281986134503,109716510.0,0.4741847876860101,51.8490426954936,0.084596662292872,162320808000.0,352839663850.0,-6695733330.000006,0.22,-0.018976702496935,-0.0068094143156027,0.0247258429592967,3160.0,3080.0,3040.0,3200.0,3280.0,3206.6666666666665,3143.333333333333,3086.6666666666665,3263.333333333333,3326.6666666666665,-0.0294842076796503,0.5448822969398599,-0.4684874150785499,1.1908495308106175,-0.1642263732109353,0.3643,0.0377,0.0534,0.0473,ewma_unhealthy_guard,-0.0101523352960918,,-0.0101523352960918,-0.0560002326965332,0.0083669959719359,-0.0091760548579487,0.0019486477459282,0.0,0.0,0.0,,,,8.424691,2.0116975,0.26827,0.11491,0.100760005,0.11577,6.73,74975985795072.0,0.162,0.15598,1.991,0.894,0.35,-1307682668544.0,1826162999296,31.94818898879425,0.4435,0.5147,0.0024,0.4805,0.4688,0.031200000000000006,False,HOLD,3120,3260,3030,1.56,124.29
2026-10-01,AADI.JK,11000.0,11375.0,10975.0,11150.0,11150.0,13036400,Energy,0.0181000416436179,0.0182648401826484,0.0,-0.0022371364653244,11317.5,11705.0,10423.0,8877.07983154297,-0.0474156343442932,0.0697495922479065,0.2560436778297742,11352.116420677046,11180.571563281654,171.54485739539268,360.0682844699937,-188.52342707460105,32.231404958528515,0.4205413500197692,12760.511848895088,10649.488151104912,11314325.0,1.1522030700019663,41.65158059821135,0.0264986987231569,145355860000.0,133254269000.0,6371763726.027397,0.32,0.0478165823417439,-0.0168051354155308,-0.0096480327328187,11166.666666666666,10958.333333333332,10766.666666666666,11358.333333333332,11566.666666666666,11058.333333333334,10816.666666666668,10683.333333333334,11191.666666666668,11433.333333333334,0.807676752388135,0.4417009215241668,-0.3340471093977656,0.3692052290201401,1.6927179076064474,0.4438,0.0424,0.0738,0.0631,garch-t,-0.0101523352960918,,-0.0101523352960918,-0.0560002326965332,0.0083669959719359,-0.0091760548579487,0.0019486477459282,-0.0091760548579487,0.0,0.0,,,,5.9880238,2.6051402,0.23297001,0.111099996,0.15923001,0.30947,8.98,86823846019072.0,0.421,0.25672,2.593,1.663,0.3719,-444173376.0,766888000,32.09490242358723,0.456,0.4731,-0.0043,0.4805,0.4667,0.033299999999999996,False,HOLD,11150,11475,10825,1.0,441.07
2026-10-01,HEXA.JK,3510.0,3510.0,3400.0,3410.0,3410.0,713500,Industrials,-0.0289037461823489,-0.0284900284900284,-0.0766592386598173,-0.1918197860700795,3687.249951171875,3927.930358886719,4073.278369140625,4124.526634521484,-0.1318583354500669,-0.1628364941039862,-0.1732384580913751,3719.809580434554,3888.542195251406,-168.73261481685222,-113.17707044730614,-55.55554436954608,8.899706305964116,0.2741571572504326,4480.279011699702,3375.5817060737354,1370705.0,0.5205350531295936,2.5079310749767103,-0.3085135488629091,2433035000.0,5522586600.0,-114373440.17094006,0.22,-0.0207101216250624,-0.0210057083703648,0.0606751308441223,3440.0,3370.0,3330.0,3480.0,3550.0,3533.333333333333,3466.666666666667,3423.333333333333,3576.666666666667,3643.3333333333335,-0.3311065234852326,0.2036500342034514,-0.3280097670134023,0.3543896666846463,-1.9204740354743763,0.2894,0.03,0.0424,0.0376,ewma_unhealthy_guard,-0.0101523352960918,,-0.0101523352960918,-0.0560002326965332,0.0083669959719359,-0.0091760548579487,0.0019486477459282,0.0,0.0,0.0,,,,11.584455,1.6881187999999998,0.0805,0.031070001,0.027679998,0.06268,7.02,2864400039936.0,-0.287,0.52164,1.648,0.57,0.186,81517904.0,102689528,28.683380034021383,0.4617,0.2571,-0.0424,0.4805,0.4264,0.0736,False,SELL ON STRENGTH,3410,3580,3280,1.31,128.57
